{"list": [{"install_checks": "/www/server/panel/plugin/tamper_proof", "version_coexist": 0, "panel_pro": 1, "pid": 100000015, "compile_args": 0, "id": 43, "ps": "\u4e8b\u4ef6\u578b\u9632\u7be1\u6539\u7a0b\u5e8f,\u53ef\u6709\u6548\u4fdd\u62a4\u7f51\u7ad9\u91cd\u8981\u6587\u4ef6\u4e0d\u88ab\u6728\u9a6c\u7be1\u6539", "endtime": -1, "title": "\u7f51\u7ad9\u9632\u7be1\u6539\u7a0b\u5e8f", "uninsatll_checks": "/www/server/panel/plugin/tamper_proof", "panel_free": 1, "version": "0", "mutex": "", "type": 8, "dependnet": "", "sort": 0, "price": 37.8, "c_manager_version": "1", "s_version": "0", "panel_test": 1, "manager_version": "1", "name": "tamper_proof", "versions": [{"m_version": "2", "dependnet": "", "version": "7", "os_limit": 0, "cpu_limit": 1, "mem_limit": 32}], "os": "Linux"}, {"install_checks": "/www/server/panel/plugin/syssafe", "version_coexist": 0, "panel_pro": 1, "pid": 100000016, "compile_args": 0, "id": 46, "ps": "\u63d0\u4f9b\u7075\u6d3b\u7684\u7cfb\u7edf\u52a0\u56fa\u529f\u80fd\uff0c\u9632\u6b62\u7cfb\u7edf\u88ab\u690d\u5165\u6728\u9a6c", "endtime": -1, "title": "\u5b9d\u5854\u7cfb\u7edf\u52a0\u56fa", "uninsatll_checks": "/www/server/panel/plugin/syssafe", "panel_free": 1, "version": "0", "mutex": "", "type": 8, "dependnet": "", "sort": 0, "price": 37.8, "c_manager_version": "1", "s_version": "0", "panel_test": 1, "manager_version": "1", "name": "syssafe", "versions": [{"m_version": "2", "dependnet": "", "version": "2", "os_limit": 1, "cpu_limit": 1, "mem_limit": 32}], "os": "Linux"}, {"install_checks": "/www/server/panel/plugin/total", "version_coexist": 0, "panel_pro": 1, "pid": 100000014, "compile_args": 0, "id": 34, "ps": "\u5b9e\u65f6\u7cbe\u786e\u7edf\u8ba1\u7f51\u7ad9\u6d41\u91cf\u3001ip\u3001uv\u3001pv\u3001\u8bf7\u6c42\u3001\u8718\u86db\u7b49\u6570\u636e", "endtime": -1, "title": "\u7f51\u7ad9\u76d1\u63a7\u62a5\u8868", "uninsatll_checks": "/www/server/panel/plugin/total", "panel_free": 1, "version": "0", "mutex": "", "type": 8, "dependnet": "", "sort": 1, "price": 19.8, "c_manager_version": "1", "s_version": "0", "panel_test": 1, "manager_version": "1", "name": "total", "versions": [{"m_version": "2", "dependnet": "", "version": "8", "os_limit": 0, "cpu_limit": 1, "mem_limit": 32}], "os": "Linux"}, {"install_checks": "/www/server/panel/plugin/btwaf_httpd", "version_coexist": 0, "panel_pro": 1, "pid": 100000012, "compile_args": 0, "id": 35, "ps": "\u6709\u6548\u9632\u6b62sql\u6ce8\u5165/xss/\u4e00\u53e5\u8bdd\u6728\u9a6c\u7b49\u5e38\u89c1\u6e17\u900f\u653b\u51fb,\u5f53\u524d\u4ec5\u652f\u6301Apache2.4<a href=\"https://www.bt.cn/bbs/thread-13647-1-1.html\" target=\"_blank\" class=\"btlink\"> >>\u6559\u7a0b</a>", "endtime": -1, "title": "Apache\u9632\u706b\u5899", "uninsatll_checks": "/www/server/panel/plugin/btwaf_httpd", "panel_free": 1, "version": "0", "mutex": "btwaf", "type": 8, "dependnet": "apache", "sort": 2, "price": 19.8, "c_manager_version": "1", "s_version": "0", "panel_test": 1, "manager_version": "1", "name": "btwaf_httpd", "versions": [{"m_version": "7", "dependnet": "", "version": "0.1", "os_limit": 0, "cpu_limit": 1, "mem_limit": 32}], "os": "Linux"}, {"install_checks": "/www/server/panel/plugin/btwaf", "version_coexist": 0, "panel_pro": 1, "pid": 100000010, "compile_args": 0, "id": 36, "ps": "\u6709\u6548\u9632\u6b62sql\u6ce8\u5165/xss/\u4e00\u53e5\u8bdd\u6728\u9a6c\u7b49\u5e38\u89c1\u6e17\u900f\u653b\u51fb,\u5f53\u524d\u4ec5\u652f\u6301nginx<a href=\"https://www.bt.cn/bbs/thread-13647-1-1.html\" target=\"_blank\" class=\"btlink\"> >>\u6559\u7a0b</a>", "endtime": -1, "title": "Nginx\u9632\u706b\u5899", "uninsatll_checks": "/www/server/panel/plugin/btwaf", "panel_free": 1, "version": "0", "mutex": "btwaf_httpd", "type": 8, "dependnet": "nginx", "sort": 3, "price": 19.8, "c_manager_version": "1", "s_version": "0", "panel_test": 1, "manager_version": "1", "name": "btwaf", "versions": [{"m_version": "7", "dependnet": "", "version": "1.3", "os_limit": 0, "cpu_limit": 1, "mem_limit": 32}], "os": "Linux"}, {"install_checks": "/www/server/panel/plugin/load_leveling", "version_coexist": 0, "panel_pro": 1, "pid": 100000009, "compile_args": 0, "id": 37, "ps": "\u57fa\u4e8enginx\u7684\u8d1f\u8f7d\u5747\u8861\uff0c04/25\u65e5\u524d\u5b89\u88c5\u7684\u9762\u677f\uff0c\u9700\u91cd\u88c5nginx\u65b9\u53ef\u6b63\u5e38\u4f7f\u7528<a href=\"https://www.bt.cn/bbs/thread-13074-1-1.html\" target=\"_blank\" class=\"btlink\"> >>\u6559\u7a0b</a>", "endtime": -1, "title": "\u5b9d\u5854\u8d1f\u8f7d\u5747\u8861", "uninsatll_checks": "/www/server/panel/plugin/load_leveling", "panel_free": 1, "version": "0", "mutex": "", "type": 8, "dependnet": "", "sort": 4, "price": 19.8, "c_manager_version": "1", "s_version": "0", "panel_test": 1, "manager_version": "1", "name": "load_leveling", "versions": [{"m_version": "1", "dependnet": "", "version": "5", "os_limit": 0, "cpu_limit": 1, "mem_limit": 32}], "os": "Linux"}, {"install_checks": "/www/server/panel/plugin/masterslave", "version_coexist": 0, "panel_pro": 1, "pid": 100000008, "compile_args": 0, "id": 63, "ps": "\u8f7b\u677e\u5b9e\u73b0MySQL\u4e00\u4e3b\u591a\u4ece\u590d\u5236\uff0c\u9700\u8981MySQL5.5\u53ca\u4ee5\u4e0a\u7248\u672c<a href=\"https://www.bt.cn/bbs/thread-12900-1-1.html\" target=\"_blank\" class=\"btlink\">>>\u6559\u7a0b</a>", "endtime": -1, "title": "MySQL\u4e3b\u4ece\u590d\u5236", "uninsatll_checks": "/www/server/panel/plugin/masterslave", "panel_free": 1, "version": "0", "mutex": "", "type": 8, "dependnet": "mysql", "sort": 5, "price": 9.8, "c_manager_version": "1", "s_version": "0", "panel_test": 1, "manager_version": "1", "name": "masterslave", "versions": [{"m_version": "2", "dependnet": "mysql", "version": "2", "os_limit": 0, "cpu_limit": 1, "mem_limit": 32}], "os": "Linux"}, {"install_checks": "/www/server/panel/plugin/task_manager", "version_coexist": 0, "panel_pro": 1, "pid": 100000007, "compile_args": 0, "id": 39, "ps": "\u8f7b\u677e\u7ba1\u7406\u8fdb\u7a0b\u3001\u542f\u52a8\u9879\u3001\u7528\u6237\u3001\u670d\u52a1\u3001\u8ba1\u5212\u4efb\u52a1\u3001\u4f1a\u8bdd<a href=\"https://www.bt.cn/bbs/thread-12682-1-1.html\" target=\"_blank\" class=\"btlink\"> >>\u6559\u7a0b</a>", "endtime": -1, "title": "\u5b9d\u5854\u4efb\u52a1\u7ba1\u7406\u5668", "uninsatll_checks": "/www/server/panel/plugin/task_manager", "panel_free": 1, "version": "0", "mutex": "", "type": 8, "dependnet": "", "sort": 6, "price": 19.8, "c_manager_version": "1", "s_version": "0", "panel_test": 1, "manager_version": "1", "name": "task_manager", "versions": [{"m_version": "1", "dependnet": "", "version": "3", "os_limit": 0, "cpu_limit": 1, "mem_limit": 32}], "os": "Linux"}, {"install_checks": "/www/server/panel/plugin/app", "version_coexist": 0, "panel_pro": 1, "pid": 100000001, "compile_args": 0, "id": 40, "ps": "\u5b9d\u5854\u5c0f\u7a0b\u5e8f\u63d0\u4f9b\u670d\u52a1\u5668\u76d1\u63a7\u53ca\u5b89\u5168\u626b\u7801\u767b\u5f55\u9762\u677f<a href=\"https://www.bt.cn/bbs/thread-12427-1-1.html\" target=\"_blank\" class=\"btlink\"> >>\u6559\u7a0b</a>", "endtime": -1, "title": "\u5fae\u4fe1\u5c0f\u7a0b\u5e8f", "uninsatll_checks": "/www/server/panel/plugin/app", "panel_free": 1, "version": "0", "mutex": "", "type": 8, "dependnet": "", "sort": 7, "price": 4.8, "c_manager_version": "1", "s_version": "0", "panel_test": 1, "manager_version": "1", "name": "app", "versions": [{"m_version": "1", "dependnet": "", "version": "8", "os_limit": 0, "cpu_limit": 1, "mem_limit": 32}], "os": "Linux"}, {"install_checks": "/www/server/panel/plugin/msg_push", "version_coexist": 0, "panel_pro": 1, "pid": 100000017, "compile_args": 0, "id": 70, "ps": "\u53ef\u5bf9\u670d\u52a1\u5668\u3001\u7ad9\u70b9\u72b6\u6001\u8fdb\u884c\u76d1\u63a7\u63a8\u9001\uff0c\u5f53\u524d\u4ec5\u652f\u6301Centos7.x<a class=\"btlink\" href=\"https://www.bt.cn/bbs/thread-23574-1-1.html\" target=\"_blank\">>>\u6559\u7a0b</a>", "endtime": -1, "title": "\u5f02\u5e38\u76d1\u63a7\u63a8\u9001", "uninsatll_checks": "/www/server/panel/plugin/msg_push", "panel_free": 1, "version": "0", "mutex": "", "type": 8, "dependnet": "", "sort": 7, "price": 9.8, "c_manager_version": "1", "s_version": "0", "panel_test": 1, "manager_version": "1", "name": "msg_push", "versions": [{"m_version": "1", "dependnet": "", "version": "6", "os_limit": 1, "cpu_limit": 1, "mem_limit": 32}], "os": "Linux"}, {"install_checks": "/www/server/panel/plugin/rsync", "version_coexist": 0, "panel_pro": 1, "pid": 100000005, "compile_args": 0, "id": 41, "ps": "\u57fa\u4e8einotify+lsyncd+rsync\u5f00\u53d1\u7684\u6570\u636e\u540c\u6b65\u5de5\u5177 <a href=\"https://www.bt.cn/bbs/thread-11231-1-1.html\" target=\"_blank\" class=\"btlink\"> >>\u6559\u7a0b</a>", "endtime": -1, "title": "\u5b9d\u5854\u6570\u636e\u540c\u6b65\u5de5\u5177", "uninsatll_checks": "/www/server/panel/plugin/rsync", "panel_free": 1, "version": "0", "mutex": "", "type": 8, "dependnet": "", "sort": 8, "price": 4.8, "c_manager_version": "1", "s_version": "0", "panel_test": 1, "manager_version": "1", "name": "rsync", "versions": [{"m_version": "2", "dependnet": "", "version": "3", "os_limit": 0, "cpu_limit": 1, "mem_limit": 32}], "os": "Linux"}, {"install_checks": "/www/server/nginx/sbin/nginx", "version_coexist": 0, "panel_pro": 1, "pid": 0, "compile_args": 1, "id": 8, "ps": "\u8f7b\u91cf\u7ea7\uff0c\u5360\u6709\u5185\u5b58\u5c11\uff0c\u5e76\u53d1\u80fd\u529b\u5f3a", "endtime": -1, "title": "Nginx", "uninsatll_checks": "/www/server/nginx", "panel_free": 1, "version": "/www/server/nginx/sbin/nginx -v 2>&1|grep version|awk '{print $3}'|cut -f2 -d'/'", "mutex": "apache", "type": 5, "dependnet": "", "sort": 101, "price": 0, "c_manager_version": "1", "s_version": "nginx", "panel_test": 1, "manager_version": "1", "name": "nginx", "versions": [{"m_version": "1.16", "dependnet": "", "version": "0", "os_limit": 0, "cpu_limit": 1, "mem_limit": 32}, {"m_version": "1.17", "dependnet": "", "version": "1", "os_limit": 0, "cpu_limit": 1, "mem_limit": 32}, {"m_version": "1.14", "dependnet": "", "version": "2", "os_limit": 0, "cpu_limit": 1, "mem_limit": 64}, {"m_version": "1.15", "dependnet": "", "version": "10", "os_limit": 0, "cpu_limit": 1, "mem_limit": 64}, {"m_version": "-Tengine2.2", "dependnet": "", "version": "4", "os_limit": 0, "cpu_limit": 1, "mem_limit": 64}, {"m_version": "openresty", "dependnet": "", "version": "0", "os_limit": 0, "cpu_limit": 1, "mem_limit": 64}, {"m_version": "1.12", "dependnet": "", "version": "2", "os_limit": 0, "cpu_limit": 1, "mem_limit": 64}, {"m_version": "1.8", "dependnet": "", "version": "1", "os_limit": 0, "cpu_limit": 1, "mem_limit": 64}], "os": "Linux"}, {"install_checks": "/www/server/apache/bin/httpd", "version_coexist": 0, "panel_pro": 1, "pid": 0, "compile_args": 0, "id": 9, "ps": "\u4e16\u754c\u6392\u540d\u7b2c\u4e00\uff0c\u5feb\u901f\u3001\u53ef\u9760\u5e76\u4e14\u53ef\u901a\u8fc7\u7b80\u5355\u7684API\u6269\u5145", "endtime": -1, "title": "Apache", "uninsatll_checks": "/www/server/apache", "panel_free": 1, "version": "/www/server/apache/bin/httpd -v|grep version|awk '{print $3}'|cut -f2 -d'/'", "mutex": "nginx", "type": 5, "dependnet": "", "sort": 102, "price": 0, "c_manager_version": "1", "s_version": "httpd", "panel_test": 1, "manager_version": "1", "name": "apache", "versions": [{"m_version": "2.4", "dependnet": "", "version": "39", "os_limit": 0, "cpu_limit": 1, "mem_limit": 64}, {"m_version": "2.2", "dependnet": "", "version": "34", "os_limit": 0, "cpu_limit": 1, "mem_limit": 64}], "os": "Linux"}, {"install_checks": "/www/server/mysql/bin/mysql", "version_coexist": 0, "panel_pro": 1, "pid": 0, "compile_args": 0, "id": 10, "ps": "MySQL\u662f\u4e00\u79cd\u5173\u7cfb\u6570\u636e\u5e93\u7ba1\u7406\u7cfb\u7edf!", "endtime": -1, "title": "MySQL", "uninsatll_checks": "/www/server/mysql", "panel_free": 1, "version": "/www/server/mysql/bin/mysql -V|grep Ver|awk '{print $5}'|cut -f1 -d','", "mutex": "", "type": 5, "dependnet": "", "sort": 103, "price": 0, "c_manager_version": "1", "s_version": "mysqld", "panel_test": 1, "manager_version": "1", "name": "mysql", "versions": [{"m_version": "5.5", "dependnet": "", "version": "62", "os_limit": 0, "cpu_limit": 1, "mem_limit": 256}, {"m_version": "5.6", "dependnet": "", "version": "44", "os_limit": 0, "cpu_limit": 1, "mem_limit": 768}, {"m_version": "5.7", "dependnet": "", "version": "26", "os_limit": 0, "cpu_limit": 1, "mem_limit": 1560}, {"m_version": "5.1", "dependnet": "", "version": "73", "os_limit": 0, "cpu_limit": 1, "mem_limit": 128}, {"m_version": "AliSQL", "dependnet": "", "version": "5.6.32", "os_limit": 0, "cpu_limit": 1, "mem_limit": 768}, {"m_version": "mariadb_10.0", "dependnet": "", "version": "38", "os_limit": 0, "cpu_limit": 1, "mem_limit": 768}, {"m_version": "mariadb_10.1", "dependnet": "", "version": "40", "os_limit": 0, "cpu_limit": 1, "mem_limit": 1560}, {"m_version": "mariadb_10.2", "dependnet": "", "version": "25", "os_limit": 0, "cpu_limit": 1, "mem_limit": 1560}, {"m_version": "mariadb_10.3", "dependnet": "", "version": "16", "os_limit": 0, "cpu_limit": 1, "mem_limit": 2048}, {"m_version": "8.0", "dependnet": "", "version": "16", "os_limit": 1, "cpu_limit": 2, "mem_limit": 5600}], "os": "Linux"}, {"install_checks": "/www/server/php/{VERSION}/bin/php", "version_coexist": 1, "panel_pro": 1, "pid": 0, "compile_args": 0, "id": 11, "ps": "PHP\u662f\u4e16\u754c\u4e0a\u6700\u597d\u7684\u7f16\u7a0b\u8bed\u8a00", "endtime": -1, "title": "PHP", "uninsatll_checks": "/www/server/php/{VERSION}", "panel_free": 1, "version": "/www/server/php/{VERSION}/bin/php -v|grep cli|awk '{print $2}'", "mutex": "", "type": 5, "dependnet": "", "sort": 104, "price": 0, "c_manager_version": "1", "s_version": "php-fpm", "panel_test": 1, "manager_version": "/www/server/php/{VERSION}/sbin/php-fpm", "name": "php", "versions": [{"m_version": "7.3", "dependnet": "", "version": "7", "os_limit": 0, "cpu_limit": 1, "mem_limit": 32}, {"m_version": "7.2", "dependnet": "", "version": "20", "os_limit": 0, "cpu_limit": 1, "mem_limit": 64}, {"m_version": "7.1", "dependnet": "", "version": "30", "os_limit": 0, "cpu_limit": 1, "mem_limit": 64}, {"m_version": "7.0", "dependnet": "", "version": "33", "os_limit": 0, "cpu_limit": 1, "mem_limit": 64}, {"m_version": "5.6", "dependnet": "", "version": "40", "os_limit": 0, "cpu_limit": 1, "mem_limit": 64}, {"m_version": "5.5", "dependnet": "", "version": "38", "os_limit": 0, "cpu_limit": 1, "mem_limit": 32}, {"m_version": "5.4", "dependnet": "", "version": "45", "os_limit": 0, "cpu_limit": 1, "mem_limit": 32}, {"m_version": "5.3", "dependnet": "", "version": "29", "os_limit": 0, "cpu_limit": 1, "mem_limit": 32}, {"m_version": "5.2", "dependnet": "mysql", "version": "17", "os_limit": 0, "cpu_limit": 1, "mem_limit": 32}], "os": "Linux"}, {"install_checks": "/www/server/pure-ftpd/bin/pure-pw", "version_coexist": 0, "panel_pro": 1, "pid": 0, "compile_args": 0, "id": 12, "ps": "PureFTPd\u662f\u4e00\u6b3e\u4e13\u6ce8\u4e8e\u7a0b\u5e8f\u5065\u58ee\u548c\u8f6f\u4ef6\u5b89\u5168\u7684\u514d\u8d39FTP\u670d\u52a1\u5668\u8f6f\u4ef6", "endtime": -1, "title": "Pure-Ftpd", "uninsatll_checks": "/www/server/pure-ftpd", "panel_free": 1, "version": "cat /www/server/pure-ftpd/version.pl", "mutex": "", "type": 5, "dependnet": "", "sort": 105, "price": 0, "c_manager_version": "1", "s_version": "pure-ftpd", "panel_test": 1, "manager_version": "1", "name": "pureftpd", "versions": [{"m_version": "1.0", "dependnet": "", "version": "49", "os_limit": 0, "cpu_limit": 1, "mem_limit": 32}], "os": "Linux"}, {"install_checks": "/www/server/phpmyadmin/version.pl", "version_coexist": 0, "panel_pro": 1, "pid": 0, "compile_args": 0, "id": 13, "ps": "\u8457\u540dWeb\u7aefMySQL\u7ba1\u7406\u5de5\u5177", "endtime": -1, "title": "phpMyAdmin", "uninsatll_checks": "/www/server/phpmyadmin", "panel_free": 1, "version": "cat /www/server/phpmyadmin/version.pl", "mutex": "", "type": 5, "dependnet": "mysql,nginx|apache", "sort": 106, "price": 0, "c_manager_version": "1", "s_version": "0", "panel_test": 1, "manager_version": "1", "name": "phpmyadmin", "versions": [{"m_version": "4.4", "dependnet": "php-5.3|php-5.4|php-5.5|php-5.6|php-7.0|php-7.1|php-7.2", "version": "0", "os_limit": 0, "cpu_limit": 1, "mem_limit": 32}, {"m_version": "4.8", "dependnet": "php-7.0|php-7.1|php-7.2|php-7.3", "version": "0", "os_limit": 0, "cpu_limit": 1, "mem_limit": 32}, {"m_version": "4.7", "dependnet": "php-5.6|php-7.0|php-7.1|php-7.2|php-7.3", "version": "0", "os_limit": 0, "cpu_limit": 1, "mem_limit": 32}, {"m_version": "4.6", "dependnet": "php-5.5|php-5.6|php-7.0|php-7.1|php-7.2|php-7.3", "version": "0", "os_limit": 0, "cpu_limit": 1, "mem_limit": 32}, {"m_version": "4.0", "dependnet": "php-5.4|php-5.2|php-5.3", "version": "0", "os_limit": 0, "cpu_limit": 1, "mem_limit": 32}, {"m_version": "4.9", "dependnet": "php-7.0|php-7.1|php-7.2|php-7.3", "version": "", "os_limit": 0, "cpu_limit": 1, "mem_limit": 32}], "os": "Linux"}, {"install_checks": "/www/server/tomcat/bin/catalina.sh", "version_coexist": 0, "panel_pro": 1, "pid": 0, "compile_args": 0, "id": 14, "ps": "\u5f00\u53d1\u548c\u8c03\u8bd5JSP\u7a0b\u5e8f\u7684\u9996\u9009", "endtime": -1, "title": "Tomcat", "uninsatll_checks": "/www/server/tomcat", "panel_free": 1, "version": "/www/server/tomcat/bin/version.sh|grep version|awk '{print $4}'|cut -f2 -d'/'", "mutex": "", "type": 5, "dependnet": "", "sort": 107, "price": 0, "c_manager_version": "1", "s_version": "jsvc,java", "panel_test": 1, "manager_version": "1", "name": "tomcat", "versions": [{"m_version": "7", "dependnet": "", "version": "0.76", "os_limit": 0, "cpu_limit": 1, "mem_limit": 256}, {"m_version": "8", "dependnet": "", "version": "5.12", "os_limit": 0, "cpu_limit": 1, "mem_limit": 256}, {"m_version": "9", "dependnet": "", "version": "0.0.M18", "os_limit": 0, "cpu_limit": 1, "mem_limit": 512}], "os": "Linux"}, {"install_checks": "/www/server/panel/plugin/pm2/pm2_main.py", "version_coexist": 0, "panel_pro": 1, "pid": 0, "compile_args": 0, "id": 15, "ps": "node.js\u7ba1\u7406\u5668\uff0c\u5185\u7f6e node.js + npm + nvm + pm2.!", "endtime": -1, "title": "PM2\u7ba1\u7406\u5668", "uninsatll_checks": "/www/server/panel/plugin/pm2", "panel_free": 1, "version": "0", "mutex": "", "type": 5, "dependnet": "", "sort": 108, "price": 0, "c_manager_version": "1", "s_version": "0", "panel_test": 1, "manager_version": "1", "name": "pm2", "versions": [{"m_version": "2.6", "dependnet": "", "version": "2", "os_limit": 0, "cpu_limit": 1, "mem_limit": 256}], "os": "Linux"}, {"install_checks": "/www/server/panel/plugin/tomcat2", "version_coexist": 0, "panel_pro": 1, "pid": 0, "compile_args": 0, "id": 65, "ps": "\u5f00\u53d1\u548c\u8c03\u8bd5JSP\u7a0b\u5e8f\u7684\u9996\u9009", "endtime": -1, "title": "Java\u9879\u76ee\u7ba1\u7406\u5668", "uninsatll_checks": "/www/server/panel/plugin/tomcat2", "panel_free": 1, "version": "0", "mutex": "", "type": 7, "dependnet": "", "sort": 108, "price": 0, "c_manager_version": "1", "s_version": "0", "panel_test": 1, "manager_version": "1", "name": "tomcat2", "versions": [{"m_version": "1", "dependnet": "", "version": "7", "os_limit": 0, "cpu_limit": 1, "mem_limit": 32}], "os": "Linux"}, {"install_checks": "/www/server/panel/plugin/docker", "version_coexist": 0, "panel_pro": 1, "pid": 0, "compile_args": 0, "id": 16, "ps": "Docker \u662f\u4e00\u4e2a\u5f00\u6e90\u7684\u5e94\u7528\u5bb9\u5668\u5f15\u64ce", "endtime": -1, "title": "Docker\u7ba1\u7406\u5668", "uninsatll_checks": "/www/server/panel/plugin/docker", "panel_free": 1, "version": "0", "mutex": "", "type": 5, "dependnet": "", "sort": 109, "price": 0, "c_manager_version": "1", "s_version": "0", "panel_test": 1, "manager_version": "1", "name": "docker", "versions": [{"m_version": "2", "dependnet": "", "version": "0", "os_limit": 0, "cpu_limit": 1, "mem_limit": 768}], "os": "Linux"}, {"install_checks": "/www/server/panel/plugin/mongodb", "version_coexist": 0, "panel_pro": 1, "pid": 0, "compile_args": 0, "id": 17, "ps": "\u57fa\u4e8e\u5206\u5e03\u5f0f\u6587\u4ef6\u5b58\u50a8\u7684\u6570\u636e\u5e93\uff0c\u65e8\u5728\u4e3aWEB\u5e94\u7528\u63d0\u4f9b\u53ef\u6269\u5c55\u7684\u9ad8\u6027\u80fd\u6570\u636e\u5b58\u50a8\u89e3\u51b3\u65b9\u6848!", "endtime": -1, "title": "MongoDB", "uninsatll_checks": "/www/server/panel/plugin/mongodb", "panel_free": 1, "version": "0", "mutex": "", "type": 5, "dependnet": "", "sort": 110, "price": 0, "c_manager_version": "1", "s_version": "mongod", "panel_test": 1, "manager_version": "1", "name": "mongodb", "versions": [{"m_version": "4.0", "dependnet": "", "version": "10", "os_limit": 0, "cpu_limit": 1, "mem_limit": 384}], "os": "Linux"}, {"install_checks": "/usr/local/memcached/bin/memcached", "version_coexist": 0, "panel_pro": 1, "pid": 0, "compile_args": 0, "id": 18, "ps": "Memcached \u662f\u4e00\u4e2a\u9ad8\u6027\u80fd\u7684\u5206\u5e03\u5f0f\u5185\u5b58\u5bf9\u8c61\u7f13\u5b58\u7cfb\u7edf", "endtime": -1, "title": "Memcached", "uninsatll_checks": "/usr/local/memcached", "panel_free": 1, "version": "/usr/local/memcached/bin/memcached -V|awk '{print $2}'", "mutex": "", "type": 5, "dependnet": "", "sort": 111, "price": 0, "c_manager_version": "1", "s_version": "memcached", "panel_test": 1, "manager_version": "1", "name": "memcached", "versions": [{"m_version": "1.5", "dependnet": "", "version": "16", "os_limit": 0, "cpu_limit": 1, "mem_limit": 256}], "os": "Linux"}, {"install_checks": "/www/server/redis/runtest", "version_coexist": 0, "panel_pro": 1, "pid": 0, "compile_args": 0, "id": 19, "ps": "Redis \u662f\u4e00\u4e2a\u9ad8\u6027\u80fd\u7684key-value\u6570\u636e\u5e93(\u8981\u4f7f\u7528PHP\u8fde\u63a5redis\uff0c\u9700\u5728PHP\u8bbe\u7f6e\u4e2d\u5b89\u88c5redis\u6269\u5c55)", "endtime": -1, "title": "Redis", "uninsatll_checks": "/www/server/redis", "panel_free": 1, "version": "/www/server/redis/src/redis-server -v|awk '{print $3}'|cut -f2 -d'='", "mutex": "", "type": 5, "dependnet": "", "sort": 112, "price": 0, "c_manager_version": "1", "s_version": "redis-server", "panel_test": 1, "manager_version": "1", "name": "redis", "versions": [{"m_version": "5.0", "dependnet": "", "version": "5", "os_limit": 0, "cpu_limit": 1, "mem_limit": 256}], "os": "Linux"}, {"install_checks": "/www/server/panel/plugin/gitlab", "version_coexist": 0, "panel_pro": 1, "pid": 0, "compile_args": 0, "id": 20, "ps": "GitLab\u4e2d\u6587\u793e\u533a\u7248\uff0c\u5f53\u524d\u53ea\u652f\u6301Centos6/7 64\u4f4d\u7cfb\u7edf\uff0c\u5185\u5b58\u5c0f\u4e8e2GB\u7684\u673a\u5668\u8bf7\u52ff\u5b89\u88c5!", "endtime": -1, "title": "GitLab", "uninsatll_checks": "/www/server/panel/plugin/gitlab", "panel_free": 1, "version": "0", "mutex": "", "type": 5, "dependnet": "", "sort": 113, "price": 0, "c_manager_version": "1", "s_version": "0", "panel_test": 1, "manager_version": "1", "name": "gitlab", "versions": [{"m_version": "8.8", "dependnet": "", "version": "5", "os_limit": 1, "cpu_limit": 1, "mem_limit": 1560}], "os": "Linux"}, {"install_checks": "/www/server/panel/plugin/mail_sys", "version_coexist": 0, "panel_pro": 1, "pid": 0, "compile_args": 0, "id": 82, "ps": "\u591a\u57df\uff0c\u591a\u7528\u6237\u90ae\u5c40\uff0c\u652f\u6301SMTP/IMAP/POP3/HTTP\u63a5\u53e3\uff0c\u9700\u898125\u7aef\u53e3<a class=\"btlink\" href=\"https://www.bt.cn/bbs/thread-32749-1-1.html\" target=\"_blank\"> [\u4f7f\u7528\u5e2e\u52a9]</a>", "endtime": -1, "title": "\u5b9d\u5854\u90ae\u5c40\u7ba1\u7406\u5668", "uninsatll_checks": "/www/server/panel/plugin/mail_sys", "panel_free": 1, "version": "0", "mutex": "", "type": 7, "dependnet": "", "sort": 114, "price": 0, "c_manager_version": "1", "s_version": "0", "panel_test": 1, "manager_version": "1", "name": "mail_sys", "versions": [{"m_version": "1", "dependnet": "", "version": "7", "os_limit": 1, "cpu_limit": 1, "mem_limit": 32}], "os": "Linux"}, {"install_checks": "/www/server/panel/plugin/dns_manager", "version_coexist": 0, "panel_pro": 1, "pid": 0, "compile_args": 0, "id": 85, "ps": "\u7ba1\u7406\u591a\u4e2a\u57df\u540d\u89e3\u6790\uff0c\u6682\u65f6\u53ea\u652f\u6301\u6b63\u5411\u89e3\u6790\u548clinux centos7.x\u7248\u672c\u7cfb\u7edf", "endtime": -1, "title": "DNS\u7ba1\u7406\u5668", "uninsatll_checks": "/www/server/panel/plugin/dns_manager", "panel_free": 1, "version": "0", "mutex": "", "type": 7, "dependnet": "", "sort": 114, "price": 0, "c_manager_version": "1", "s_version": "0", "panel_test": 1, "manager_version": "1", "name": "dns_manager", "versions": [{"m_version": "1", "dependnet": "", "version": "2", "os_limit": 0, "cpu_limit": 1, "mem_limit": 32}], "os": "Linux"}, {"install_checks": "/www/server/panel/plugin/deployment", "version_coexist": 0, "panel_pro": 1, "pid": 0, "compile_args": 0, "id": 21, "ps": "\u5feb\u901f\u90e8\u7f72\u5e38\u7528\u7a0b\u5e8f!", "endtime": -1, "title": "\u5b9d\u5854\u4e00\u952e\u90e8\u7f72\u6e90\u7801", "uninsatll_checks": "/www/server/panel/plugin/deployment", "panel_free": 1, "version": "0", "mutex": "", "type": 7, "dependnet": "", "sort": 115, "price": 0, "c_manager_version": "1", "s_version": "0", "panel_test": 1, "manager_version": "1", "name": "deployment", "versions": [{"m_version": "1", "dependnet": "", "version": "1", "os_limit": 0, "cpu_limit": 1, "mem_limit": 32}], "os": "Linux"}, {"install_checks": "/www/server/panel/plugin/pythonmamager", "version_coexist": 0, "panel_pro": 1, "pid": 0, "compile_args": 0, "id": 69, "ps": "\u5feb\u901f\u90e8\u7f72Python\u9879\u76ee\uff0c\u5f53\u524d\u4ec5\u652f\u6301Centos7.x", "endtime": -1, "title": "Python\u9879\u76ee\u7ba1\u7406\u5668", "uninsatll_checks": "/www/server/panel/plugin/pythonmamager", "panel_free": 1, "version": "0", "mutex": "", "type": 7, "dependnet": "", "sort": 115, "price": 0, "c_manager_version": "1", "s_version": "0", "panel_test": 1, "manager_version": "1", "name": "pythonmamager", "versions": [{"m_version": "1", "dependnet": "", "version": "5", "os_limit": 1, "cpu_limit": 1, "mem_limit": 32}], "os": "Linux"}, {"install_checks": "/www/server/panel/plugin/dns", "version_coexist": 0, "panel_pro": 1, "pid": 0, "compile_args": 0, "id": 22, "ps": "\u7531<a class='btlink' href='https://www.dns.com/?bt.cn' target='_blank'>[DNS.COM]</a>\u63d0\u4f9b\u7684200000Q/S\u57df\u540dDNS\u4e91\u89e3\u6790\u670d\u52a1", "endtime": -1, "title": "DNS\u4e91\u89e3\u6790", "uninsatll_checks": "/www/server/panel/plugin/dns", "panel_free": 1, "version": "0", "mutex": "", "type": 7, "dependnet": "", "sort": 116, "price": 0, "c_manager_version": "1", "s_version": "0", "panel_test": 1, "manager_version": "1", "name": "dns", "versions": [{"m_version": "2", "dependnet": "", "version": "0", "os_limit": 0, "cpu_limit": 1, "mem_limit": 32}], "os": "Linux"}, {"install_checks": "/www/server/panel/plugin/pgsql_manager", "version_coexist": 0, "panel_pro": 1, "pid": 0, "compile_args": 0, "id": 75, "ps": "\u7528\u4e8e\u5b89\u88c5\u5e76\u7ba1\u7406 PostgreSQL\u6570\u636e\u5e93", "endtime": -1, "title": "PostgreSQL\u7ba1\u7406\u5668", "uninsatll_checks": "/www/server/panel/plugin/pgsql_manager", "panel_free": 1, "version": "0", "mutex": "", "type": 7, "dependnet": "", "sort": 116, "price": 0, "c_manager_version": "1", "s_version": "0", "panel_test": 1, "manager_version": "1", "name": "pgsql_manager", "versions": [{"m_version": "1", "dependnet": "", "version": "0", "os_limit": 1, "cpu_limit": 1, "mem_limit": 32}], "os": "Linux"}, {"install_checks": "/www/server/panel/plugin/upyun", "version_coexist": 0, "panel_pro": 1, "pid": 0, "compile_args": 0, "id": 23, "ps": "\u53c8\u62cd\u4e91\u5bf9\u8c61\u5b58\u50a8\uff0c\u5b9d\u5854\u7528\u6237\u9996\u6708\u514d\u8d39200G\u6d41\u91cf+\u9996\u6b21\u5145\u503c9\u6298\u4f18\u60e0<a href='https://console.upyun.com/register/?invite=B1bZJtIYb' target='_blank' class='btlink'> [\u70b9\u51fb\u7533\u8bf7]</a>", "endtime": -1, "title": "\u53c8\u62cd\u4e91\u5b58\u50a8", "uninsatll_checks": "/www/server/panel/plugin/upyun", "panel_free": 1, "version": "0", "mutex": "", "type": 7, "dependnet": "", "sort": 117, "price": 0, "c_manager_version": "1", "s_version": "0", "panel_test": 1, "manager_version": "1", "name": "upyun", "versions": [{"m_version": "2", "dependnet": "", "version": "4", "os_limit": 0, "cpu_limit": 1, "mem_limit": 32}], "os": "Linux"}, {"install_checks": "/www/server/panel/plugin/ftp", "version_coexist": 0, "panel_pro": 1, "pid": 0, "compile_args": 0, "id": 24, "ps": "\u5c06\u7f51\u7ad9\u6216\u6570\u636e\u5e93\u6253\u5305\u5907\u4efd\u5230FTP\u5b58\u50a8\u7a7a\u95f4", "endtime": -1, "title": "FTP\u5b58\u50a8\u7a7a\u95f4", "uninsatll_checks": "/www/server/panel/plugin/ftp", "panel_free": 1, "version": "0", "mutex": "", "type": 7, "dependnet": "", "sort": 118, "price": 0, "c_manager_version": "1", "s_version": "0", "panel_test": 1, "manager_version": "1", "name": "ftp", "versions": [{"m_version": "2", "dependnet": "", "version": "7", "os_limit": 0, "cpu_limit": 1, "mem_limit": 32}], "os": "Linux"}, {"install_checks": "/www/server/panel/plugin/alioss", "version_coexist": 0, "panel_pro": 1, "pid": 0, "compile_args": 0, "id": 25, "ps": "\u5c06\u7f51\u7ad9\u6216\u6570\u636e\u5e93\u6253\u5305\u5907\u4efd\u5230\u963f\u91cc\u4e91OSS\u5bf9\u8c61\u5b58\u50a8\u7a7a\u95f4, <a class='btlink' href='https://promotion.aliyun.com/ntms/act/shoppingcart.html?userCode=wkpc565a' target='_blank'>[\u70b9\u51fb\u7533\u8bf7]</a>", "endtime": -1, "title": "\u963f\u91cc\u4e91OSS", "uninsatll_checks": "/www/server/panel/plugin/alioss", "panel_free": 1, "version": "0", "mutex": "", "type": 7, "dependnet": "", "sort": 119, "price": 0, "c_manager_version": "1", "s_version": "0", "panel_test": 1, "manager_version": "1", "name": "alioss", "versions": [{"m_version": "2", "dependnet": "", "version": "6", "os_limit": 0, "cpu_limit": 1, "mem_limit": 32}], "os": "Linux"}, {"install_checks": "/www/server/panel/plugin/qiniu", "version_coexist": 0, "panel_pro": 1, "pid": 0, "compile_args": 0, "id": 26, "ps": "\u5c06\u7f51\u7ad9\u6216\u6570\u636e\u5e93\u6253\u5305\u5907\u4efd\u5230\u4e03\u725b\u5bf9\u8c61\u5b58\u50a8\u7a7a\u95f4,\u4e03\u725b\u63d0\u4f9b10GB\u514d\u8d39\u5b58\u50a8\u7a7a\u95f4, <a class='link' href='https://portal.qiniu.com/signup?code=3liz7nbopjd5e' target='_blank'>\u70b9\u51fb\u7533\u8bf7</a>", "endtime": -1, "title": "\u4e03\u725b\u4e91\u5b58\u50a8", "uninsatll_checks": "/www/server/panel/plugin/qiniu", "panel_free": 1, "version": "0", "mutex": "", "type": 7, "dependnet": "", "sort": 120, "price": 0, "c_manager_version": "1", "s_version": "0", "panel_test": 1, "manager_version": "1", "name": "qiniu", "versions": [{"m_version": "2", "dependnet": "", "version": "5", "os_limit": 0, "cpu_limit": 1, "mem_limit": 32}], "os": "Linux"}, {"install_checks": "/www/server/panel/plugin/psync", "version_coexist": 0, "panel_pro": 1, "pid": 0, "compile_args": 0, "id": 27, "ps": "\u5feb\u901f\u8fc1\u79fb\u9762\u677f\u6570\u636e", "endtime": -1, "title": "\u5b9d\u5854\u4e00\u952e\u8fc1\u79fb", "uninsatll_checks": "/www/server/panel/plugin/psync", "panel_free": 1, "version": "0", "mutex": "", "type": 7, "dependnet": "", "sort": 121, "price": 0, "c_manager_version": "1", "s_version": "0", "panel_test": 1, "manager_version": "1", "name": "psync", "versions": [{"m_version": "5", "dependnet": "", "version": "0", "os_limit": 0, "cpu_limit": 1, "mem_limit": 32}], "os": "Linux"}, {"install_checks": "/www/server/panel/plugin/webhook", "version_coexist": 0, "panel_pro": 1, "pid": 0, "compile_args": 0, "id": 28, "ps": "WebHook\uff0c\u53ef\u8bbe\u7f6e\u56de\u8c03\u811a\u672c\uff0c\u901a\u5e38\u7528\u4e8e\u7b2c\u4e09\u65b9\u56de\u8c03\u901a\u77e5!", "endtime": -1, "title": "\u5b9d\u5854WebHook", "uninsatll_checks": "/www/server/panel/plugin/webhook", "panel_free": 1, "version": "0", "mutex": "", "type": 7, "dependnet": "", "sort": 122, "price": 0, "c_manager_version": "1", "s_version": "0", "panel_test": 1, "manager_version": "1", "name": "webhook", "versions": [{"m_version": "1", "dependnet": "", "version": "0", "os_limit": 0, "cpu_limit": 1, "mem_limit": 32}], "os": "Linux"}, {"install_checks": "/www/server/panel/plugin/safelogin", "version_coexist": 0, "panel_pro": 1, "pid": 0, "compile_args": 0, "id": 30, "ps": "\u5b9d\u5854\u4f01\u4e1a\u7248\u5b89\u5168\u767b\u5f55\u63d2\u4ef6", "endtime": -1, "title": "\u5b9d\u5854\u5b89\u5168\u767b\u5f55", "uninsatll_checks": "/www/server/panel/plugin/safelogin", "panel_free": 1, "version": "0", "mutex": "", "type": 7, "dependnet": "", "sort": 124, "price": 0, "c_manager_version": "1", "s_version": "0", "panel_test": 1, "manager_version": "1", "name": "safelogin", "versions": [{"m_version": "1", "dependnet": "", "version": "3", "os_limit": 0, "cpu_limit": 1, "mem_limit": 32}], "os": "Linux"}, {"install_checks": "/www/server/panel/plugin/linuxsys", "version_coexist": 0, "panel_pro": 1, "pid": 0, "compile_args": 0, "id": 32, "ps": "Linux\u7cfb\u7edf\u5de5\u5177\uff0c\u914d\u7f6eDNS\u3001Swap\u3001\u65f6\u533a\u3001IP\u914d\u7f6e\u3001\u5185\u5b58\u76d8!", "endtime": -1, "title": "Linux\u5de5\u5177\u7bb1", "uninsatll_checks": "/www/server/panel/plugin/linuxsys", "panel_free": 1, "version": "0", "mutex": "", "type": 6, "dependnet": "", "sort": 126, "price": 0, "c_manager_version": "1", "s_version": "0", "panel_test": 1, "manager_version": "1", "name": "linuxsys", "versions": [{"m_version": "1", "dependnet": "", "version": "5", "os_limit": 0, "cpu_limit": 1, "mem_limit": 32}], "os": "Linux"}, {"install_checks": "/www/server/panel/plugin/phpguard", "version_coexist": 0, "panel_pro": 1, "pid": 0, "compile_args": 0, "id": 33, "ps": "\u76d1\u63a7PHP-FPM\u8fd0\u884c\u72b6\u6001\uff0c\u9632\u6b62\u5927\u6279\u91cf\u51fa\u73b0502\u9519\u8bef!", "endtime": -1, "title": "PHP\u5b88\u62a4", "uninsatll_checks": "/www/server/panel/plugin/phpguard", "panel_free": 1, "version": "0", "mutex": "", "type": 7, "dependnet": "", "sort": 127, "price": 0, "c_manager_version": "1", "s_version": "0", "panel_test": 1, "manager_version": "1", "name": "phpguard", "versions": [{"m_version": "1", "dependnet": "", "version": "2", "os_limit": 0, "cpu_limit": 1, "mem_limit": 32}], "os": "Linux"}, {"install_checks": "/www/server/panel/plugin/score", "version_coexist": 0, "panel_pro": 1, "pid": 0, "compile_args": 0, "id": 42, "ps": "\u6d4b\u8bd5\u670d\u52a1\u5668\u57fa\u7840\u6027\u80fd", "endtime": -1, "title": "\u5b9d\u5854\u8dd1\u5206", "uninsatll_checks": "/www/server/panel/plugin/score", "panel_free": 1, "version": "0", "mutex": "", "type": 6, "dependnet": "", "sort": 127, "price": 0, "c_manager_version": "1", "s_version": "0", "panel_test": 1, "manager_version": "1", "name": "score", "versions": [{"m_version": "1", "dependnet": "", "version": "3", "os_limit": 0, "cpu_limit": 1, "mem_limit": 32}], "os": "Linux"}, {"install_checks": "/www/server/panel/plugin/txcos", "version_coexist": 0, "panel_pro": 1, "pid": 0, "compile_args": 0, "id": 44, "ps": "\u5c06\u7f51\u7ad9\u6216\u6570\u636e\u5e93\u6253\u5305\u5907\u4efd\u5230\u817e\u8baf\u4e91COS\u5bf9\u8c61\u5b58\u50a8\u7a7a\u95f4", "endtime": -1, "title": "\u817e\u8baf\u4e91COS", "uninsatll_checks": "/www/server/panel/plugin/txcos", "panel_free": 1, "version": "0", "mutex": "", "type": 7, "dependnet": "", "sort": 129, "price": 0, "c_manager_version": "1", "s_version": "0", "panel_test": 1, "manager_version": "1", "name": "txcos", "versions": [{"m_version": "2", "dependnet": "", "version": "7", "os_limit": 0, "cpu_limit": 1, "mem_limit": 32}], "os": "Linux"}, {"install_checks": "/www/server/panel/plugin/webssh", "version_coexist": 0, "panel_pro": 1, "pid": 0, "compile_args": 0, "id": 45, "ps": "\u5b8c\u6574\u529f\u80fd\u7684SSH\u5ba2\u6237\u7aef\uff0c\u4ec5\u7528\u4e8e\u8fde\u63a5\u672c\u670d\u52a1\u5668", "endtime": -1, "title": "\u5b9d\u5854SSH\u7ec8\u7aef", "uninsatll_checks": "/www/server/panel/plugin/webssh", "panel_free": 1, "version": "0", "mutex": "", "type": 7, "dependnet": "", "sort": 130, "price": 0, "c_manager_version": "1", "s_version": "0", "panel_test": 1, "manager_version": "1", "name": "webssh", "versions": [{"m_version": "1", "dependnet": "", "version": "0", "os_limit": 0, "cpu_limit": 1, "mem_limit": 32}], "os": "Linux"}, {"install_checks": "/www/server/panel/plugin/clear", "version_coexist": 0, "panel_pro": 1, "pid": 0, "compile_args": 0, "id": 47, "ps": "\u4e00\u952e\u6e05\u7406\u6307\u5b9a\u65e5\u5fd7\u548c\u7cfb\u7edf\u5783\u573e", "endtime": -1, "title": "\u65e5\u5fd7\u6e05\u7406\u5de5\u5177", "uninsatll_checks": "/www/server/panel/plugin/clear", "panel_free": 1, "version": "0", "mutex": "", "type": 6, "dependnet": "", "sort": 131, "price": 0, "c_manager_version": "1", "s_version": "0", "panel_test": 1, "manager_version": "1", "name": "clear", "versions": [{"m_version": "1", "dependnet": "", "version": "1", "os_limit": 0, "cpu_limit": 1, "mem_limit": 32}], "os": "Linux"}, {"install_checks": "/www/server/panel/plugin/backup", "version_coexist": 0, "panel_pro": 1, "pid": 0, "compile_args": 0, "id": 55, "ps": "\u5feb\u901f\u5907\u4efd\u5b9d\u5854\u76f8\u5173\u914d\u7f6e\u6570\u636e", "endtime": -1, "title": "\u5b9d\u5854\u914d\u7f6e\u5907\u4efd", "uninsatll_checks": "/www/server/panel/plugin/backup", "panel_free": 1, "version": "0", "mutex": "", "type": 7, "dependnet": "", "sort": 132, "price": 0, "c_manager_version": "1", "s_version": "0", "panel_test": 1, "manager_version": "1", "name": "backup", "versions": [{"m_version": "1", "dependnet": "", "version": "0", "os_limit": 0, "cpu_limit": 1, "mem_limit": 32}], "os": "Linux"}, {"install_checks": "/www/server/panel/plugin/psync_api", "version_coexist": 0, "panel_pro": 1, "pid": 0, "compile_args": 0, "id": 83, "ps": "\u5feb\u901f\u8fc1\u79fb\u9762\u677f\u6570\u636e", "endtime": -1, "title": "\u5b9d\u5854\u4e00\u952e\u8fc1\u79fb\u6d4b\u8bd5\u7248\u672c", "uninsatll_checks": "/www/server/panel/plugin/psync_api", "panel_free": 1, "version": "0", "mutex": "", "type": 7, "dependnet": "", "sort": 134, "price": 0, "c_manager_version": "1", "s_version": "0", "panel_test": 1, "manager_version": "1", "name": "psync_api", "versions": [{"m_version": "1", "dependnet": "", "version": "2", "os_limit": 0, "cpu_limit": 1, "mem_limit": 32}], "os": "Linux"}, {"install_checks": "/www/server/panel/plugin/safeip", "version_coexist": 0, "panel_pro": 1, "pid": 0, "compile_args": 0, "id": 64, "ps": "\u5bf9\u5907\u6848\u57df\u540d\u63d0\u4f9b10G~50G\u5957\u9910\u9632\u62a4\uff0c\u66f4\u9ad8\u9632\u62a4\u9700\u6c42\u53ef\u8054\u7cfb\u5ba2\u670d\u5b9a\u5236\u3002", "endtime": -1, "title": "\u9ad8\u9632IP", "uninsatll_checks": "/www/server/panel/plugin/safeip", "panel_free": 1, "version": "0", "mutex": "", "type": 7, "dependnet": "", "sort": 222, "price": 0, "c_manager_version": "1", "s_version": "0", "panel_test": 1, "manager_version": "1", "name": "safeip", "versions": [{"m_version": "1", "dependnet": "", "version": "4", "os_limit": 0, "cpu_limit": 1, "mem_limit": 32}], "os": "Linux"}, {"install_checks": "/www/server/panel/plugin/sshkey", "min_image": "/api/Pluginother/get_file?fname=image/20190401/169f9ef390f68c134c4b8b003ec1a412.png", "version_coexist": 0, "panel_pro": 1, "pid": 600801213, "compile_args": 0, "home": "https://www.bt.cn/bbs/thread-20943-1-1.html", "id": 600801213, "ps": "\u4e3a\u89e3\u51b3ssh\u79d8\u94a5\u767b\u9646\u800c\u9ebb\u70e6\u914d\u7f6e<a href=\"https://www.bt.cn/bbs/thread-20943-1-1.html\" target=\"_blank\" class=\"bt-ico-ask\" style=\"cursor: pointer;\">?</a>", "endtime": -1, "title": "SSH\u79d8\u94a5\u7ba1\u7406\u5668", "uninsatll_checks": "/www/server/panel/plugin/sshkey", "panel_free": 1, "state": 0, "version": "0", "mutex": "", "type": 10, "dependnet": "", "sort": 0, "o_plugin": true, "install_opt": 0, "price": 0, "c_manager_version": "1", "s_version": "0", "panel_test": 1, "manager_version": "1", "name": "sshkey", "versions": [{"m_version": "1", "dependnet": "", "version_msg": "\u4e3a\u89e3\u51b3ssh\u79d8\u94a5\u767b\u9646\u800c\u9ebb\u70e6\u914d\u7f6e", "version": "1", "os_limit": 0, "cpu_limit": 1, "download": "other/20190419/080c4f8b6a00055c4510c6b305365deb.zip", "mem_limit": 32, "size": 8679, "md5": "e6baacff85a33be40c32bb526b5fdb03"}], "author": "\u5e26\u5934\u5927\u54e5", "os": "Linux"}, {"install_checks": "/www/server/panel/plugin/ossfs", "min_image": "/api/Pluginother/get_file?fname=image/20190401/28fc2aca47bad424aaebaed15abeffce.png", "version_coexist": 0, "panel_pro": 1, "pid": 600801214, "compile_args": 0, "home": "https://www.bt.cn/bbs/thread-20503-1-1.html", "id": 600801214, "ps": "\u4e3a\u4e86\u89e3\u51b3\u5b9d\u5854\u9762\u677f\u5bf9\u8c61\u5b58\u50a8\u53ea\u80fd\u5728\u8ba1\u5212\u4efb\u52a1\u4e0a\u521b\u5efa\u6587\u4ef6<a href=\"https://www.bt.cn/bbs/thread-20503-1-1.html\" target=\"_blank\" class=\"bt-ico-ask\" style=\"cursor: pointer;\">?</a>", "endtime": -1, "title": "\u5bf9\u8c61\u5b58\u50a8\u6302\u8f7d\u5de5\u5177(OSS/COS)", "uninsatll_checks": "/www/server/panel/plugin/ossfs", "panel_free": 1, "state": 0, "version": "0", "mutex": "", "type": 10, "dependnet": "", "sort": 0, "o_plugin": true, "install_opt": 0, "price": 0, "c_manager_version": "3", "s_version": "0", "panel_test": 1, "manager_version": "1", "name": "ossfs", "versions": [{"m_version": "1", "dependnet": "", "version_msg": "\u4e3a\u4e86\u89e3\u51b3\u5b9d\u5854\u9762\u677f\u5bf9\u8c61\u5b58\u50a8\u53ea\u80fd\u5728\u8ba1\u5212\u4efb\u52a1\u4e0a\u521b\u5efa\u6587\u4ef6\uff0c\u548c\u4e0b\u8f7d\u6587\u4ef6", "version": "3", "os_limit": 0, "cpu_limit": 1, "download": "other/20190401/ab7e6aa9dd816b4a801e6bc5273afef6.zip", "mem_limit": 32, "size": 12480, "md5": "e21324a43b1e139b9b2202c2271f9d4e"}], "author": "\u5e26\u5934\u5927\u54e5", "os": "Linux"}, {"install_checks": "/www/server/panel/plugin/baidu", "min_image": "/api/Pluginother/get_file?fname=image/20190411/8f89825826a5240bf12c0aec2e780b43.png", "version_coexist": 0, "panel_pro": 1, "pid": 600801216, "compile_args": 0, "home": "https://www.bt.cn/bbs/thread-30259-1-1.html", "id": 600801216, "ps": "SEO \u5c0f\u52a9\u624b,\u8ba9\u4f60\u968f\u5fc3\u6240\u6b32\u7684\u81ea\u52a8\u63d0\u4ea4\u5230\u767e\u5ea6<a href=\"https://www.bt.cn/bbs/thread-30259-1-1.html\" target=\"_blank\" class=\"bt-ico-ask\" style=\"cursor: pointer;\">?</a>", "endtime": -1, "title": "\u767e\u5ea6\u63d0\u4ea4", "uninsatll_checks": "/www/server/panel/plugin/baidu", "panel_free": 1, "state": 0, "version": "0", "mutex": "", "type": 10, "dependnet": "", "sort": 0, "o_plugin": true, "install_opt": 0, "price": 1.66, "c_manager_version": "0", "s_version": "0", "panel_test": 1, "manager_version": "4", "name": "baidu", "versions": [{"m_version": "4", "dependnet": "", "version_msg": "\u8ba9\u4f60\u968f\u5fc3\u6240\u6b32\u7684\u81ea\u52a8\u63d0\u4ea4", "version": "0", "os_limit": 0, "cpu_limit": 1, "download": "other/20190613/af8d98000ac7c99e2953f2e4623a152d.zip", "mem_limit": 32, "size": 15588, "md5": "ab979e242ce8c09de657a49593154e60"}], "author": "\u5e26\u5934\u5927\u54e5", "os": "Linux"}, {"install_checks": "/www/server/panel/plugin/nfsserver", "min_image": "/api/Pluginother/get_file?fname=image/20190401/caad27feefb5518d018c87818f74b08a.png", "version_coexist": 0, "panel_pro": 1, "pid": 600801215, "compile_args": 0, "home": "https://www.bt.cn/bbs/thread-21265-1-1.html", "id": 600801215, "ps": "\u4e3a\u4e86\u89e3\u51b3\u6587\u4ef6\u5171\u4eab\u7684\u95ee\u9898 \u91c7\u7528NFS<a href=\"https://www.bt.cn/bbs/thread-21265-1-1.html\" target=\"_blank\" class=\"bt-ico-ask\" style=\"cursor: pointer;\">?</a>", "endtime": -1, "title": "\u6587\u4ef6\u5171\u4eab\u7ba1\u7406\u5668", "uninsatll_checks": "/www/server/panel/plugin/nfsserver", "panel_free": 1, "state": 0, "version": "0", "mutex": "", "type": 10, "dependnet": "", "sort": 1000, "o_plugin": true, "install_opt": 0, "price": 0, "c_manager_version": "2", "s_version": "0", "panel_test": 1, "manager_version": "1", "name": "nfsserver", "versions": [{"m_version": "1", "dependnet": "", "version_msg": "\u6700\u7ec8\u9009\u62e9\u4e86NFS \u4f5c\u4e3a\u5171\u4eab\u7684\u8f6f\u4ef6\uff0c\u7136\u540e\u53ef\u4ee5\u652f\u6301linux \u548cWindows \u4f5c\u4e3a\u5ba2\u6237\u7aef\u51cf\u5c11\u4e86\u5f88\u591a\u9ebb\u70e6", "version": "2", "os_limit": 0, "cpu_limit": 1, "download": "other/20190401/f6f493c9da02f6ba98c283c2da5cf019.zip", "mem_limit": 32, "size": 11552, "md5": "ffd057a056d8c44bc1dd9812d03bfb6b"}], "author": "\u5e26\u5934\u5927\u54e5", "os": "Linux"}, {"install_checks": "/www/server/panel/plugin/diskquota", "min_image": "/api/Pluginother/get_file?fname=image/20190416/ac0d8aa620c481be425ea5a008e33480.png", "version_coexist": 0, "panel_pro": 1, "pid": 600801218, "compile_args": 0, "home": "https://www.bt.cn/bbs/thread-30486-1-1.html", "id": 600801218, "ps": "\u53ef\u5bf9\u7ad9\u70b9\u76ee\u5f55\u6216\u81ea\u5b9a\u4e49\u76ee\u5f55\u505a\u4f7f\u7528\u91cf\u914d\u989d,\u5f53\u524d\u4ec5\u652f\u6301XFS\u6587\u4ef6\u7cfb\u7edf<a href=\"https://www.bt.cn/bbs/thread-30486-1-1.html\" target=\"_blank\" class=\"bt-ico-ask\" style=\"cursor: pointer;\">?</a>", "endtime": -1, "title": "\u7ad9\u70b9\u78c1\u76d8\u914d\u989d\u7ba1\u7406", "uninsatll_checks": "/www/server/panel/plugin/diskquota", "panel_free": 1, "state": 0, "version": "0", "mutex": "", "type": 10, "dependnet": "", "sort": 1000, "o_plugin": true, "install_opt": 0, "price": 4.88, "c_manager_version": "0", "s_version": "0", "panel_test": 1, "manager_version": "1", "name": "diskquota", "versions": [{"m_version": "1", "dependnet": "", "version_msg": "\u53ef\u5bf9\u7ad9\u70b9\u76ee\u5f55\u6216\u81ea\u5b9a\u4e49\u76ee\u5f55\u505a\u4f7f\u7528\u91cf\u914d\u989d,\u5f53\u524d\u4ec5\u652f\u6301XFS\u6587\u4ef6\u7cfb\u7edf", "version": "0", "os_limit": 0, "cpu_limit": 1, "download": "other/20190416/08003afd16e878db94dce73586b57af1.zip", "mem_limit": 32, "size": 13988, "md5": "96a6d7d41f3cf4770cdfd47e6e3ed400"}], "author": "\u5c71\u6c34\u6709\u76f8\u9022", "os": "Linux"}, {"install_checks": "/www/server/panel/plugin/disk", "min_image": "/api/Pluginother/get_file?fname=image/20190420/0237badbc85457149fc8772e11c39070.png", "version_coexist": 0, "panel_pro": 1, "pid": 600801221, "compile_args": 0, "home": "https://www.bt.cn/bbs/thread-21204-1-2.html", "id": 600801221, "ps": "\u4e00\u952e\u6302\u8f7d\u78c1\u76d8\uff0c\u8fc1\u79fb\u6570\u636e<a href=\"https://www.bt.cn/bbs/thread-21204-1-2.html\" target=\"_blank\" class=\"bt-ico-ask\" style=\"cursor: pointer;\">?</a>", "endtime": -1, "title": "\u78c1\u76d8\u6302\u8f7d\u5de5\u5177", "uninsatll_checks": "/www/server/panel/plugin/disk", "panel_free": 1, "state": 0, "version": "0", "mutex": "", "type": 10, "dependnet": "", "sort": 1000, "o_plugin": true, "install_opt": 0, "price": 4.8, "c_manager_version": "8", "s_version": "0", "panel_test": 1, "manager_version": "1", "name": "disk", "versions": [{"m_version": "1", "dependnet": "", "version_msg": "\u4fee\u590d\u811a\u672cbug\uff0c\u6dfb\u52a0\u78c1\u76d8\u683c\u5f0f", "version": "8", "os_limit": 0, "cpu_limit": 1, "download": "other/20190621/1d2083a891cdbcf51df3eb771bb3dfb5.zip", "mem_limit": 32, "size": 72685, "md5": "922095af862c5c488cbd31178cec6d68"}], "author": "\u62cd\u62cd\u718axf", "os": "Linux"}, {"install_checks": "/www/server/panel/plugin/webshell", "min_image": "/api/Pluginother/get_file?fname=image/20190422/6720d65e65b6b0ecb7be63b3951ed1c3.png", "version_coexist": 0, "panel_pro": 1, "pid": 600801223, "compile_args": 0, "home": "https://www.bt.cn/bbs/thread-30754-1-1.html", "id": 600801223, "ps": "\u6728\u9a6c\u67e5\u6740\u7b80\u5355\u5de5\u5177<a href=\"https://www.bt.cn/bbs/thread-30754-1-1.html\" target=\"_blank\" class=\"bt-ico-ask\" style=\"cursor: pointer;\">?</a>", "endtime": -1, "title": "\u7b80\u6613\u6728\u9a6c\u626b\u63cf", "uninsatll_checks": "/www/server/panel/plugin/webshell", "panel_free": 1, "state": 0, "version": "0", "mutex": "", "type": 10, "dependnet": "", "sort": 1000, "o_plugin": true, "install_opt": 0, "price": 1.66, "c_manager_version": "0", "s_version": "0", "panel_test": 1, "manager_version": "2", "name": "webshell", "versions": [{"m_version": "2", "dependnet": "", "version_msg": "\u7b80\u6613\u6728\u9a6c\u626b\u63cf\u5de5\u5177", "version": "0", "os_limit": 0, "cpu_limit": 1, "download": "other/20190701/98939736629cfee8d30e3f023e74ee96.zip", "mem_limit": 32, "size": 9821, "md5": "54909355031bc30c547594882254c397"}], "author": "\u5e26\u5934\u5927\u54e5", "os": "Linux"}, {"install_checks": "/www/server/panel/plugin/domains", "min_image": "/api/Pluginother/get_file?fname=image/20190423/dcab1c90abe1865db22504985f00b16e.png", "version_coexist": 0, "panel_pro": 1, "pid": 600801224, "compile_args": 0, "home": "https://www.bt.cn/bbs/thread-30835-1-1.html", "id": 600801224, "ps": "\u963f\u91cc\u4e91/DNSPOD/CloudFlare\u878d\u5408\u89e3\u6790<a href=\"https://www.bt.cn/bbs/thread-30835-1-1.html\" target=\"_blank\" class=\"bt-ico-ask\" style=\"cursor: pointer;\">?</a>", "endtime": -1, "title": "\u57df\u540d\u89e3\u6790\u52a9\u624b", "uninsatll_checks": "/www/server/panel/plugin/domains", "panel_free": 1, "state": 0, "version": "0", "mutex": "", "type": 10, "dependnet": "", "sort": 1000, "o_plugin": true, "install_opt": 0, "price": 3.99, "c_manager_version": "3", "s_version": "0", "panel_test": 1, "manager_version": "3", "name": "domains", "versions": [{"m_version": "3", "dependnet": "", "version_msg": "\u4fee\u590d\u5199\u5165\u914d\u7f6e\u65e0\u6548\u7684BUG", "version": "3", "os_limit": 0, "cpu_limit": 1, "download": "other/20190701/3e804bd8e68bc6fd659816bfbb573160.zip", "mem_limit": 32, "size": 14469, "md5": "4b47bba2ae22690ec923260d52f7d61a"}], "author": "Licoy", "os": "Linux"}, {"install_checks": "/www/server/panel/plugin/w7assistant", "min_image": "/api/Pluginother/get_file?fname=image/20190529/b7e5b51c52bc2ead12b338197456916e.png", "version_coexist": 0, "panel_pro": 1, "pid": 600801232, "compile_args": 0, "home": "https://www.bt.cn/bbs/thread-31865-1-1.html", "id": 600801232, "ps": "\u9488\u5bf9\u5fae\u64ce\u7cfb\u7edf\u63d0\u4f9b\u5b89\u5168\u52a0\u56fa\u3001\u91cd\u7f6e\u7ba1\u7406\u5458\u5bc6\u7801\u7b49\u5e38\u7528\u64cd\u4f5c\u3002<a href=\"https://www.bt.cn/bbs/thread-31865-1-1.html\" target=\"_blank\" class=\"bt-ico-ask\" style=\"cursor: pointer;\">?</a>", "endtime": -1, "title": "\u5fae\u64ce\u52a9\u624b", "uninsatll_checks": "/www/server/panel/plugin/w7assistant", "panel_free": 1, "state": 0, "version": "0", "mutex": "", "type": 10, "dependnet": "", "sort": 1000, "o_plugin": true, "install_opt": 0, "price": 0, "c_manager_version": "3", "s_version": "0", "panel_test": 1, "manager_version": "3", "name": "w7assistant", "versions": [{"m_version": "3", "dependnet": "", "version_msg": "\u4fee\u590d\u90e8\u5206\u7ad9\u70b9\u5b89\u5168\u52a0\u56fa\u65e0\u6548\u95ee\u9898\uff1b \u4fee\u590d\u5b89\u5168\u52a0\u56fa\u5bbd\u677e\u6a21\u5f0f\u5e94\u7528\u65e0\u6cd5\u8bbf\u95ee\u95ee\u9898\uff1b", "version": "3", "os_limit": 0, "cpu_limit": 1, "download": "other/20190704/ab51faee32fbe64701305f5b4aa1818d.zip", "mem_limit": 32, "size": 14039, "md5": "7c171b4db8311e599caa79419e435988"}], "author": "\u8d85\u4eba", "os": "Linux"}, {"install_checks": "/www/server/panel/plugin/qiankeji", "min_image": "/api/Pluginother/get_file?fname=image/20190513/885efe9eb5553fb9df36fea3e2d66ec4.png", "version_coexist": 0, "panel_pro": 1, "pid": 600801235, "compile_args": 0, "home": "https://www.bt.cn/bbs/thread-31885-1-1.html", "id": 600801235, "ps": "\u542f\u5b89\u79d1\u6280\u5927\u6570\u636e\u98ce\u63a7\u5e73\u53f0\u63a5\u53e3\uff0c\u7cbe\u51c6\u8bc6\u522b\u6076\u610f\u6279\u91cf\u6ce8\u518c\u624b\u673a\u53f7<a href=\"https://www.bt.cn/bbs/thread-31885-1-1.html\" target=\"_blank\" class=\"bt-ico-ask\" style=\"cursor: pointer;\">?</a>", "endtime": -1, "title": "\u949f\u9997\u98ce\u63a7\u8585\u7f8a\u6bdb\u624b\u673a\u53f7\u8bc6\u522b", "uninsatll_checks": "/www/server/panel/plugin/qiankeji", "panel_free": 1, "state": 0, "version": "0", "mutex": "", "type": 10, "dependnet": "", "sort": 1000, "o_plugin": true, "install_opt": 0, "price": 0, "c_manager_version": "0", "s_version": "0", "panel_test": 1, "manager_version": "1", "name": "qiankeji", "versions": [{"m_version": "1", "dependnet": "", "version_msg": "\u7b2c\u4e00\u72481.0\u53d1\u5e03", "version": "0", "os_limit": 0, "cpu_limit": 1, "download": "other/20190513/64128767973a5029666a3f1ba4558d62.zip", "mem_limit": 32, "size": 10308, "md5": "ebe44494afe9b28c5c3d5fea26edb3e4"}], "author": "\u542f\u5b89\u79d1\u6280Hack", "os": "Linux"}, {"install_checks": "/www/server/panel/plugin/liuliangtongji", "min_image": "/api/Pluginother/get_file?fname=image/20190601/f2e417dc71af6d3c4970677dd5af88ae.png", "version_coexist": 0, "panel_pro": 1, "pid": 600801241, "compile_args": 0, "home": "https://www.bt.cn/bbs/thread-32425-1-1.html", "id": 600801241, "ps": "\u5206\u6790\u6bcf\u4e2a\u7ad9\u70b9\u7684\u65e5\u5fd7\u8bbf\u95ee\u60c5\u51b5<a href=\"https://www.bt.cn/bbs/thread-32425-1-1.html\" target=\"_blank\" class=\"bt-ico-ask\" style=\"cursor: pointer;\">?</a>", "endtime": -1, "title": "\u670d\u52a1\u5668\u65e5\u5fd7\u5206\u6790\u4e0e\u6d41\u91cf\u7edf\u8ba1", "uninsatll_checks": "/www/server/panel/plugin/liuliangtongji", "panel_free": 1, "state": 0, "version": "0", "mutex": "", "type": 10, "dependnet": "", "sort": 1000, "o_plugin": true, "install_opt": 0, "price": 1, "c_manager_version": "1.8", "s_version": "0", "panel_test": 1, "manager_version": "2", "name": "liuliangtongji", "versions": [{"m_version": "2", "dependnet": "", "version_msg": "\u4fee\u590d\u540c\u6b65\u65f6\u7531\u4e8e\u65e5\u5fd7\u683c\u5f0f\u95ee\u9898\u53ef\u80fd\u5bfc\u81f4\u7684\u62a5\u9519, \u65b0\u589eIP\u7edf\u8ba1\u4e2d\u62c9\u9ed1\u529f\u80fd", "version": "1.8", "os_limit": 0, "cpu_limit": 1, "download": "other/20190706/0d1b39d5ed3fb10972b0946665f1a8ae.zip", "mem_limit": 32, "size": 26926, "md5": "9bdd8afe4c2722ee83039959c1ba9d9e"}], "author": "\u8f6f\u7a0b\u79d1\u6280", "os": "Linux"}, {"install_checks": "/www/server/panel/plugin/frpc", "min_image": "/api/Pluginother/get_file?fname=image/20190610/668cdb5c1d2f23294661082b961494da.png", "version_coexist": 0, "panel_pro": 1, "pid": 600801250, "compile_args": 0, "home": "https://www.bt.cn/bbs/thread-32990-1-1.html", "id": 600801250, "ps": "\u63d0\u4f9bfrp\u5ba2\u6237\u7aef\u7684\u56fe\u5f62\u5316\u7ba1\u7406\u529f\u80fd<a href=\"https://www.bt.cn/bbs/thread-32990-1-1.html\" target=\"_blank\" class=\"bt-ico-ask\" style=\"cursor: pointer;\">?</a>", "endtime": -1, "title": "frp\u5ba2\u6237\u7aef\u7ba1\u7406\u5668", "uninsatll_checks": "/www/server/panel/plugin/frpc", "panel_free": 1, "state": 0, "version": "0", "mutex": "", "type": 10, "dependnet": "", "sort": 1000, "o_plugin": true, "install_opt": 0, "price": 1.99, "c_manager_version": "3", "s_version": "0", "panel_test": 1, "manager_version": "1", "name": "frpc", "versions": [{"m_version": "1", "dependnet": "", "version_msg": "\u4fee\u590d1.2 \u7248\u672c\u4e2d\u7531\u4e8eDNS\u89e3\u6790\u9519\u8bef\u5bfc\u81f4\u6dfb\u52a0\u670d\u52a1\u5668\u5931\u8d25\u7684\u95ee\u9898", "version": "3", "os_limit": 0, "cpu_limit": 1, "download": "other/20190621/d83a0f0bf620e4462b99777a42aecef1.zip", "mem_limit": 32, "size": 3856086, "md5": "af503d2269cf0b516d72eded1f1906de"}], "author": "IW3C", "os": "Linux"}, {"install_checks": "/www/server/panel/plugin/mfsearch", "min_image": "/api/Pluginother/get_file?fname=image/20190615/e7372086b3e573497e612e1003bbe5b3.png", "version_coexist": 0, "panel_pro": 1, "pid": 600801254, "compile_args": 0, "home": "https://www.bt.cn/bbs/thread-33237-1-1.html", "id": 600801254, "ps": "\u6587\u4ef6\u5185\u5bb9\u641c\u7d22\u53ca\u6279\u91cf\u4fee\u6539(\u53ef\u6574\u7ad9\u4fee\u6539\u53ca\u81ea\u52a8\u5907\u4efd)<a href=\"https://www.bt.cn/bbs/thread-33237-1-1.html\" target=\"_blank\" class=\"bt-ico-ask\" style=\"cursor: pointer;\">?</a>", "endtime": -1, "title": "\u6587\u4ef6\u641c\u7d22\u53ca\u6279\u91cf\u4fee\u6539", "uninsatll_checks": "/www/server/panel/plugin/mfsearch", "panel_free": 1, "state": 0, "version": "0", "mutex": "", "type": 10, "dependnet": "", "sort": 1000, "o_plugin": true, "install_opt": 1, "price": 0, "c_manager_version": "0", "s_version": "0", "panel_test": 1, "manager_version": "1", "name": "mfsearch", "versions": [{"m_version": "1", "dependnet": "", "version_msg": "\u517c\u5bb9window,centos\u7b49", "version": "0", "os_limit": 0, "cpu_limit": 1, "download": "other/20190615/5320012ec6df575323eb79752ae5e8de.zip", "mem_limit": 32, "size": 218687, "md5": "2de98a360fa5d5194f6f95652868f6be"}], "author": "\u7267\u98de", "os": "Linux"}, {"install_checks": "/www/server/panel/plugin/publicwelfare404", "min_image": "/api/Pluginother/get_file?fname=image/20190624/c6bfbb27b99058e14e9e424a4b66104b.png", "version_coexist": 0, "panel_pro": 1, "pid": 600801267, "compile_args": 0, "home": "https://www.bt.cn/bbs/thread-33666-1-1.html", "id": 600801267, "ps": "\u54cd\u5e94\u5f0f404\u516c\u76ca\u4ee3\u7801\uff0c\u7f8e\u5316\u4f60\u7684404\u9875\u9762\u540c\u65f6\u53c2\u4e0e\u516c\u76ca\u3002<a href=\"https://www.bt.cn/bbs/thread-33666-1-1.html\" target=\"_blank\" class=\"bt-ico-ask\" style=\"cursor: pointer;\">?</a>", "endtime": -1, "title": "404\u516c\u76ca", "uninsatll_checks": "/www/server/panel/plugin/publicwelfare404", "panel_free": 1, "state": 0, "version": "0", "mutex": "", "type": 10, "dependnet": "", "sort": 1000, "o_plugin": true, "install_opt": 0, "price": 0, "c_manager_version": "0", "s_version": "0", "panel_test": 1, "manager_version": "1", "name": "publicwelfare404", "versions": [{"m_version": "1", "dependnet": "", "version_msg": "\u66f4\u6b63\u670d\u52a1\u5668\u6536\u96c6\u95ee\u9898", "version": "0", "os_limit": 0, "cpu_limit": 1, "download": "other/20190701/39b27c2ef9790cfe40bd4d9dc009c5ef.zip", "mem_limit": 32, "size": 14913, "md5": "d6c83950a39fbc89cbc69d9b4b2c91a6"}], "author": "\u57df\u540d\u516c\u76ca\u7f51", "os": "Linux"}, {"install_checks": "/www/server/panel/plugin/wechatcheck", "min_image": "/api/Pluginother/get_file?fname=image/20190626/c7955babc8d19bff361ce6d27129c090.png", "version_coexist": 0, "panel_pro": 1, "pid": 600801270, "compile_args": 0, "home": "https://www.bt.cn/bbs/thread-33436-1-1.html", "id": 600801270, "ps": "\u81ea\u52a8\u68c0\u6d4b\u670d\u52a1\u5668\u4e0a\u7f51\u7ad9\u57df\u540d\u5728\u5fae\u4fe1\u73af\u5883\u4e0b\u662f\u5426\u88ab\u5c01\u6740<a href=\"https://www.bt.cn/bbs/thread-33436-1-1.html\" target=\"_blank\" class=\"bt-ico-ask\" style=\"cursor: pointer;\">?</a>", "endtime": -1, "title": "\u5fae\u4fe1\u57df\u540d\u68c0\u6d4b", "uninsatll_checks": "/www/server/panel/plugin/wechatcheck", "panel_free": 1, "state": 0, "version": "0", "mutex": "", "type": 10, "dependnet": "", "sort": 1000, "o_plugin": true, "install_opt": 0, "price": 0, "c_manager_version": "0", "s_version": "0", "panel_test": 1, "manager_version": "1", "name": "wechatcheck", "versions": [{"m_version": "1", "dependnet": "", "version_msg": "\u4e00\u952e\u67e5\u8be2\u68c0\u6d4b\u670d\u52a1\u4e0a\u7f51\u7ad9\u57df\u540d\u5728\u5fae\u4fe1\u73af\u5883\u4e0b\u7684\u72b6\u6001\uff0c\u53ef\u4ee5\u68c0\u6d4b\u51fa\u662f\u5426\u88ab\u5c01\u6740\uff0c\u662f\u5426\u88ab\u8f6c\u7801\u7b49\u72b6\u6001\u3002", "version": "0", "os_limit": 0, "cpu_limit": 1, "download": "other/20190628/51ebb6108f2b92ce3576637baefc46c9.zip", "mem_limit": 32, "size": 63511, "md5": "caf68aa469c4ee1e4998a856dad3c4ba"}], "author": "\u7334\u5b50\u6570\u636e", "os": "Linux"}, {"install_checks": "/www/server/panel/plugin/asp_jexus", "min_image": "/api/Pluginother/get_file?fname=image/20190627/989fcc82bfc58a92f06d883a4dbf61b3.png", "version_coexist": 0, "panel_pro": 1, "pid": 600801272, "compile_args": 0, "home": "https://www.bt.cn/bbs/thread-33593-1-1.html", "id": 600801272, "ps": "\u57fa\u4e8ejexus \u5f00\u53d1\u7684Linux \u4e0b\u7684ASP\u517c\u5bb9\u89e3\u89c9\u65b9\u6848<a href=\"https://www.bt.cn/bbs/thread-33593-1-1.html\" target=\"_blank\" class=\"bt-ico-ask\" style=\"cursor: pointer;\">?</a>", "endtime": -1, "title": "ASP.NET\u7ba1\u7406\u5668", "uninsatll_checks": "/www/server/panel/plugin/asp_jexus", "panel_free": 1, "state": 0, "version": "0", "mutex": "", "type": 10, "dependnet": "", "sort": 1000, "o_plugin": true, "install_opt": 0, "price": 5.99, "c_manager_version": "0", "s_version": "0", "panel_test": 1, "manager_version": "1", "name": "asp_jexus", "versions": [{"m_version": "1", "dependnet": "", "version_msg": "\u521d\u59cb\u8fed\u4ee3\u7248\u672c", "version": "0", "os_limit": 1, "cpu_limit": 1, "download": "other/20190704/c63063863bdc9a66e371affdf7139307.zip", "mem_limit": 32, "size": 13536, "md5": "2a03fe1b0fd180c310eedae4094cfd61"}], "author": "IW3C", "os": "Linux"}, {"install_checks": "/www/server/panel/plugin/pysqliteadmin", "min_image": "/api/Pluginother/get_file?fname=image/20190629/b9d029e9a056d7a4db5cac8bdd67b7d4.png", "version_coexist": 0, "panel_pro": 1, "pid": 600801275, "compile_args": 0, "home": "https://www.bt.cn/bbs/thread-33906-1-1.html", "id": 600801275, "ps": "sqlite3\u53ef\u89c6\u5316Web\u7aef\u7ba1\u7406\u5de5\u5177<a href=\"https://www.bt.cn/bbs/thread-33906-1-1.html\" target=\"_blank\" class=\"bt-ico-ask\" style=\"cursor: pointer;\">?</a>", "endtime": -1, "title": "pySqliteAdmin", "uninsatll_checks": "/www/server/panel/plugin/pysqliteadmin", "panel_free": 1, "state": 0, "version": "0", "mutex": "", "type": 10, "dependnet": "", "sort": 1000, "o_plugin": true, "install_opt": 0, "price": 0, "c_manager_version": "0", "s_version": "0", "panel_test": 1, "manager_version": "1", "name": "pysqliteadmin", "versions": [{"m_version": "1", "dependnet": "", "version_msg": "\u517c\u5bb9window,centos\u7b49", "version": "0", "os_limit": 0, "cpu_limit": 1, "download": "other/20190629/47ec17db221baf1d7f10a41cba2193fb.zip", "mem_limit": 32, "size": 383242, "md5": "ef9ddfb70c18d84b4e94ee77961a6c0a"}], "author": "\u7267\u98de", "os": "Linux"}], "pro": -1, "type": [{"sort": 2, "ps": "\u8fd0\u884c\u73af\u5883", "icon": "icon", "id": 5, "title": "\u8fd0\u884c\u73af\u5883"}, {"sort": 3, "ps": "\u7cfb\u7edf\u5de5\u5177", "icon": "icon", "id": 6, "title": "\u7cfb\u7edf\u5de5\u5177"}, {"sort": 4, "ps": "\u5b9d\u5854\u63d2\u4ef6", "icon": "icon", "id": 7, "title": "\u5b9d\u5854\u63d2\u4ef6"}, {"sort": 5, "ps": "\u4ed8\u8d39\u63d2\u4ef6", "icon": "icon", "id": 8, "title": "\u4ed8\u8d39\u63d2\u4ef6"}, {"sort": 6, "ps": "\u7b2c\u4e09\u65b9\u5e94\u7528", "icon": "icon", "id": 10, "title": "\u7b2c\u4e09\u65b9\u5e94\u7528"}, {"sort": 8, "ps": "\u4e00\u952e\u90e8\u7f72\u7b2c\u4e09\u65b9\u6e90\u7801", "icon": "", "id": 11, "title": "\u4e00\u952e\u90e8\u7f72"}]}